osm_id,full_addr,postal_code,municipality,department,country
283111979,,,,,Nicaragua
285891221,,,,,Nicaragua
286081223,,,,,Nicaragua
286971210,,,,,Nicaragua
296338228,,,,,Nicaragua
296338475,,,,,Nicaragua
300568666,,,,,Nicaragua
301971936,,,,,Nicaragua
413316939,,,,,Nicaragua
431253189,,,MANAGUA,,Nicaragua
459667988,,,,,Nicaragua
571389103,,,,,Nicaragua
658662515,,,,,Nicaragua
680527263,,,,,Nicaragua
732256268,,,,,Nicaragua
732256657,,,,,Nicaragua
784209803,,,,,Nicaragua
784210981,,,,,Nicaragua
787689763,,,,,Nicaragua
806528000,,,,,Nicaragua
806528003,,,,,Nicaragua
806528008,,,,,Nicaragua
810037601,,,,,Nicaragua
825400172,,,,,Nicaragua
825400173,,,,,Nicaragua
828483282,,,,,Nicaragua
828483296,,,,,Nicaragua
828483301,,,,,Nicaragua
828504675,,,,,Nicaragua
828504682,,,,,Nicaragua
828504683,,,,,Nicaragua
828504684,,,,,Nicaragua
828504685,,,,,Nicaragua
838174918,,,,,Nicaragua
838230716,,,,,Nicaragua
841125385,,,,,Nicaragua
863435107,,,,,Nicaragua
913905987,,,,,Nicaragua
914180307,,,,,Nicaragua
914186968,,,,,Nicaragua
914189790,,,,,Nicaragua
918847098,,,,,Nicaragua
963710982,,,,,Nicaragua
994307876,,,,,Nicaragua
1122104774,,,,,Nicaragua
1122261682,,,,,Nicaragua
1131134603,,,,,Nicaragua
1132490493,,,,,Nicaragua
1135815257,,,,,Nicaragua
1135823032,,,,,Nicaragua
1135823125,,,,,Nicaragua
1140908437,,,,,Nicaragua
1140913041,,,,,Nicaragua
1140926211,,,,,Nicaragua
1142233342,,,,,Nicaragua
1142233493,,,,,Nicaragua
1142250625,,,,,Nicaragua
1142250785,,,,,Nicaragua
1142270348,,,,,Nicaragua
1143954281,,,,,Nicaragua
1143989028,,,,,Nicaragua
1143989045,,,,,Nicaragua
1143989059,,,,,Nicaragua
1144001734,,,,,Nicaragua
1144001758,,,,,Nicaragua
1144051572,,,,,Nicaragua
1144051575,,,,,Nicaragua
1144051606,,,,,Nicaragua
1144051628,,,,,Nicaragua
1144051632,,,,,Nicaragua
1144051690,,,,,Nicaragua
1145521447,,,,,Nicaragua
1145523009,,,,,Nicaragua
1145529859,,,,,Nicaragua
1147472217,,,,,Nicaragua
1147472296,,,,,Nicaragua
1147472303,,,,,Nicaragua
1147472414,,,,,Nicaragua
1147472539,,,,,Nicaragua
1147472668,,,,,Nicaragua
1147472685,,,,,Nicaragua
1147509143,,,,,Nicaragua
1147509145,,,,,Nicaragua
1147509254,,,,,Nicaragua
1147509259,,,,,Nicaragua
1147509270,,,,,Nicaragua
1147509465,,,,,Nicaragua
1147509479,,,,,Nicaragua
1147521920,,,,,Nicaragua
1148163184,,,,,Nicaragua
1148185073,,,,,Nicaragua
1148186604,,,,,Nicaragua
1194971388,,,,,Nicaragua
1212193679,,,,,Nicaragua
1216931357,,,,,Nicaragua
1245017538,,,,,Nicaragua
1257754983,,,,,Nicaragua
1257755962,,,,,Nicaragua
1287108262,,,,,Nicaragua
1305920422,,,,,Nicaragua
1336002140,,,,,Nicaragua
1336002176,,,,,Nicaragua
1336012155,,,,,Nicaragua
1417768889,,,,,Nicaragua
1440419630,,,,,Nicaragua
1441083226,,,,,Nicaragua
1460296386,,,,,Nicaragua
1707804713,,,,,Nicaragua
1712257815,,,,,Nicaragua
1712259539,,,,,Nicaragua
1719342702,,,,,Nicaragua
1739466890,,,,,Nicaragua
1748811798,,,,,Nicaragua
1766555908,,,,,Nicaragua
1766555937,,,,,Nicaragua
1766571525,,,,,Nicaragua
1780530534,,,,,Nicaragua
1780530535,,,,,Nicaragua
1783397229,,,,,Nicaragua
1785289760,,,,,Nicaragua
1797752903,,,,,Nicaragua
1815325894,,,,,Nicaragua
1819067246,,,,,Nicaragua
1827676412,,,,,Nicaragua
1827719192,,,,,Nicaragua
1827990522,,,,,Nicaragua
1830071516,,,,,Nicaragua
1847223564,,,,,Nicaragua
1847230258,,,,,Nicaragua
1848771316,,,,,Nicaragua
1848778394,,,,,Nicaragua
1848778396,,,,,Nicaragua
1848778410,,,,,Nicaragua
1848788709,,,,,Nicaragua
1848788712,,,,,Nicaragua
1856511724,,,,,Nicaragua
1875377092,,,,,Nicaragua
1875377555,,,,,Nicaragua
1878299043,,,,,Nicaragua
1884517889,,,,,Nicaragua
1893874384,,,,,Nicaragua
1893894397,,,,,Nicaragua
1893894783,,,,,Nicaragua
1929005739,,,,,Nicaragua
1933087330,,,,,Nicaragua
1933088854,,,,,Nicaragua
1933091330,,,,,Nicaragua
1966008076,,,,,Nicaragua
1983084135,,,,,Nicaragua
2026720779,"Escuela de Epanol La Mariposa, San Juan de la Concepcion, Masaya, Nicaragua",,,,Nicaragua
2043141957,,,,,Nicaragua
2043262121,,,,,Nicaragua
2047589097,,,,,Nicaragua
2092810796,,,,,Nicaragua
2092921399,,,,,Nicaragua
2102386256,,,,,Nicaragua
2104725841,,,,,Nicaragua
2104738662,,,,,Nicaragua
2108060555,,,,,Nicaragua
2114784652,,,,,Nicaragua
2123031634,,,,,Nicaragua
2124165110,,,,,Nicaragua
2124165116,,,,,Nicaragua
2139033556,,,,,Nicaragua
2139034526,,,,,Nicaragua
2141466262,,,,,Nicaragua
2142168797,,,,,Nicaragua
2142173432,,,,,Nicaragua
2142176548,,,,,Nicaragua
2142180030,,,,,Nicaragua
2144899236,,,,,Nicaragua
2144900170,,,,,Nicaragua
2144909922,,,,,Nicaragua
2154665738,,,,,Nicaragua
2201419558,,,,,Nicaragua
2245783352,,,,,Nicaragua
2245788816,,,,,Nicaragua
2245796491,,,,,Nicaragua
2245796878,,,,,Nicaragua
2245824150,,,,,Nicaragua
2245832881,,,,,Nicaragua
2245841126,,,,,Nicaragua
2245842886,,,,,Nicaragua
2245843091,,,,,Nicaragua
2245844881,,,,,Nicaragua
2245845686,,,,,Nicaragua
2245846544,,,,,Nicaragua
2245850777,,,,,Nicaragua
2245852495,,,,,Nicaragua
2245899027,,,,,Nicaragua
2245899893,,,,,Nicaragua
2266084671,,,,,Nicaragua
2266089581,,,,,Nicaragua
2267773972,,,,,Nicaragua
2267869489,,,,,Nicaragua
2269817806,,,,,Nicaragua
2285870551,,,,,Nicaragua
2316279004,,,,,Nicaragua
2316394910,,,,,Nicaragua
2327799781,,,,,Nicaragua
2339941660,,,,,Nicaragua
2339946939,,,,,Nicaragua
2342008660,,,,,Nicaragua
2343816279,,,,,Nicaragua
2343833417,,,,,Nicaragua
2343878580,,,,,Nicaragua
2343880075,,,,,Nicaragua
2345162320,,,,,Nicaragua
2353796987,,,,,Nicaragua
2371342155,,,,,Nicaragua
2372566401,,,,,Nicaragua
2372652368,,,,,Nicaragua
2376234047,,,,,Nicaragua
2376684407,,,,,Nicaragua
2397753644,,,,,Nicaragua
2402989257,,,Managua,,Nicaragua
2410500397,,,,,Nicaragua
2423626522,,,,,Nicaragua
2428484847,,,,,Nicaragua
2430431082,,,,,Nicaragua
2435834827,,,,,Nicaragua
2435834828,,,,,Nicaragua
2436184776,,,,,Nicaragua
2448398139,,,,,Nicaragua
2448531372,,,,,Nicaragua
2448549399,,,Managua,,Nicaragua
2448608261,,,Leon,,Nicaragua
2448608264,,,Leon,,Nicaragua
2448608291,,,Leon,,Nicaragua
2448608294,,,Leon,,Nicaragua
2449659532,,,,,Nicaragua
2449663456,,,,,Nicaragua
2450470782,,,,,Nicaragua
2453319340,,,,,Nicaragua
2454991503,,,,,Nicaragua
2454991507,,,,,Nicaragua
2457016750,,,,,Nicaragua
2462431794,,,,,Nicaragua
2462431969,,,,,Nicaragua
2462432460,,,,,Nicaragua
2462598799,,,,,Nicaragua
2462598801,,,,,Nicaragua
2462598821,,,,,Nicaragua
2463260434,,,,,Nicaragua
2463606109,,,,,Nicaragua
2464901045,,,,,Nicaragua
2472921530,,,,,Nicaragua
2475286428,,,,,Nicaragua
2475304590,,,,,Nicaragua
2475711916,,,,,Nicaragua
2475711918,,,,,Nicaragua
2475998094,,,,,Nicaragua
2476097609,,,,,Nicaragua
2476105952,,,,,Nicaragua
2476925026,,,,,Nicaragua
2480668151,"Km 9,5 Carretera Masaya 500 Vrs al sur oeste, Managua",,,,Nicaragua
2480668154,,,,,Nicaragua
2480668184,,,,,Nicaragua
2488653192,,,,,Nicaragua
2490089128,,,,,Nicaragua
2490089353,,,,,Nicaragua
2490205782,,,,,Nicaragua
2490212410,,,,,Nicaragua
2490518707,,,,,Nicaragua
2490583571,,,,,Nicaragua
2490583574,,,,,Nicaragua
2490583590,,,,,Nicaragua
2490583593,,,,,Nicaragua
2490583625,,,,,Nicaragua
2490583627,,,,,Nicaragua
2490583671,,,,,Nicaragua
2490583675,,,,,Nicaragua
2490583699,,,,,Nicaragua
2490583739,,,,,Nicaragua
2490653132,,,,,Nicaragua
2491505138,,,,,Nicaragua
2491505142,,,,,Nicaragua
2491526383,,,,,Nicaragua
2496955983,,,,,Nicaragua
2496955990,,,,,Nicaragua
2496955997,,,,,Nicaragua
2496956004,,,,,Nicaragua
2496956008,,,,,Nicaragua
2498024960,,,,,Nicaragua
2498030319,,,,,Nicaragua
2498063333,,,,,Nicaragua
2498063340,,,,,Nicaragua
2498063346,,,,,Nicaragua
2498938343,,,,,Nicaragua
2498972182,,,,,Nicaragua
2498973387,,,,,Nicaragua
2500129757,,,,,Nicaragua
2500129758,,,,,Nicaragua
2500129770,,,,,Nicaragua
2500129772,,,,,Nicaragua
2500129775,,,,,Nicaragua
2500129787,,,,,Nicaragua
2500129790,,,,,Nicaragua
2500129839,,,,,Nicaragua
2500129934,,,,,Nicaragua
2501240001,,,,,Nicaragua
2501245092,,,,,Nicaragua
2505154019,,,,,Nicaragua
2505154027,,,,,Nicaragua
2505154053,,,,,Nicaragua
2507312720,,,,,Nicaragua
2507430312,,,,,Nicaragua
2507430313,,,,,Nicaragua
2513648927,,,,,Nicaragua
2515717575,,,,,Nicaragua
2517590278,,,,,Nicaragua
2518111727,,,,,Nicaragua
2519125183,,,,,Nicaragua
2526103030,,,,,Nicaragua
2526473111,,,,,Nicaragua
2526479755,,,,,Nicaragua
2529529717,,,,,Nicaragua
2539247357,,,,,Nicaragua
2539247386,,,,,Nicaragua
2539247388,,,,,Nicaragua
2539247394,,,,,Nicaragua
2539247398,,,,,Nicaragua
2539247443,,,,,Nicaragua
2539247444,,,,,Nicaragua
2539247447,,,,,Nicaragua
2539247454,,,,,Nicaragua
2539247459,,,,,Nicaragua
2539247461,,,,,Nicaragua
2542246082,,,,,Nicaragua
2543076327,,,,,Nicaragua
2546429221,,,,,Nicaragua
2554544226,,,,,Nicaragua
2559008781,,,,,Nicaragua
2559124531,,,,,Nicaragua
2559124667,,,,,Nicaragua
2560689709,,,,,Nicaragua
2560689733,,,,,Nicaragua
2560841402,,,,,Nicaragua
2560859511,,,,,Nicaragua
2560871511,,,,,Nicaragua
2560871567,,,,,Nicaragua
2560871664,,,,,Nicaragua
2560878029,,,,,Nicaragua
2562274072,,,,,Nicaragua
2562276104,,,,,Nicaragua
2563744543,,,,,Nicaragua
2563863012,,,,,Nicaragua
2563863014,,,,,Nicaragua
2563863020,,,,,Nicaragua
2563863021,,,,,Nicaragua
2567084047,,,,,Nicaragua
2567115079,,,,,Nicaragua
2573653027,,,,,Nicaragua
2573989218,,,,,Nicaragua
2576248744,,,,,Nicaragua
2576248754,,,,,Nicaragua
2576258221,,,,,Nicaragua
2578192789,,,,,Nicaragua
2579799347,,,,,Nicaragua
2581913755,,,,,Nicaragua
2581913759,,,,,Nicaragua
2583086770,,505,,,Nicaragua
2584112763,,,,,Nicaragua
2605452942,,,,,Nicaragua
2607379661,,,,,Nicaragua
2607379744,,,,,Nicaragua
2607379769,,,,,Nicaragua
2609916991,,,,,Nicaragua
2609917095,,,,,Nicaragua
2610439602,,,,,Nicaragua
2610439605,,,,,Nicaragua
2610439607,,,,,Nicaragua
2610439608,,,,,Nicaragua
2610439611,,,,,Nicaragua
2610439612,,,,,Nicaragua
2610439614,,,,,Nicaragua
2610439615,,,,,Nicaragua
2610439616,,,,,Nicaragua
2610439617,,,,,Nicaragua
2610439618,,,,,Nicaragua
2610439623,,,,,Nicaragua
2610439624,,,,,Nicaragua
2610439625,,,,,Nicaragua
2610439626,,,,,Nicaragua
2610439627,,,,,Nicaragua
2610439699,,,,,Nicaragua
2611202339,,,,,Nicaragua
2611771997,,,,,Nicaragua
2612971793,,,,,Nicaragua
2612971794,,,,,Nicaragua
2612971808,,,,,Nicaragua
2612971809,,,,,Nicaragua
2612971815,,,,,Nicaragua
2617570312,,,,,Nicaragua
2618003483,,,,,Nicaragua
2620563434,,,,,Nicaragua
2622496041,,,,,Nicaragua
2622496042,,,,,Nicaragua
2622559437,,,,,Nicaragua
2627443505,,,,,Nicaragua
2627443515,,,,,Nicaragua
2627443519,,,,,Nicaragua
2629885079,,,,,Nicaragua
2629885081,,,,,Nicaragua
2632967767,,,,,Nicaragua
2632967776,,,,,Nicaragua
2632967782,,,,,Nicaragua
2632988250,,,,,Nicaragua
2633057081,,,,,Nicaragua
2633157215,,,,,Nicaragua
2633165255,,,,,Nicaragua
2633166883,,,,,Nicaragua
2633184884,,,,,Nicaragua
2633240015,,,,,Nicaragua
2633288423,,,,,Nicaragua
2640204235,,,,,Nicaragua
2640204295,,,,,Nicaragua
2640204504,,,,,Nicaragua
2640204505,,,,,Nicaragua
2642235168,,,,,Nicaragua
2642235169,,,,,Nicaragua
2642235179,,,,,Nicaragua
2644876743,,,,,Nicaragua
2644876768,,,,,Nicaragua
2648677770,,,,,Nicaragua
2649325714,,,,,Nicaragua
2657146872,,,,,Nicaragua
2658437403,,,,,Nicaragua
2658731039,,,,,Nicaragua
2658731041,,,,,Nicaragua
2658731073,,,,,Nicaragua
2658731080,,,,,Nicaragua
2661531195,,,,,Nicaragua
2665724624,,,,,Nicaragua
2666173937,,,,,Nicaragua
2666272684,,,,,Nicaragua
2666366754,,,,,Nicaragua
2666367064,,,,,Nicaragua
2666413594,"Reparto San Juan, gimnasio HÃ©rcules 1 cuadra al norte, 1 cuadra al este., Managua",,,,Nicaragua
2666526416,,,,,Nicaragua
2666735829,,,,,Nicaragua
2673977436,,,,,Nicaragua
2673977608,,,,,Nicaragua
2673977629,,,,,Nicaragua
2673977644,,,,,Nicaragua
2673977662,,,,,Nicaragua
2673977669,,,,,Nicaragua
2673977698,,,,,Nicaragua
2676352452,,,,,Nicaragua
2676352458,,,,,Nicaragua
2676352459,,,,,Nicaragua
2676352461,,,,,Nicaragua
2676352464,,,,,Nicaragua
2676352466,,,,,Nicaragua
2676352467,,,,,Nicaragua
2676352468,,,,,Nicaragua
2676352469,,,,,Nicaragua
2676352470,,,,,Nicaragua
2676352471,,,,,Nicaragua
2676352472,,,,,Nicaragua
2676352473,,,,,Nicaragua
2676352479,,,,,Nicaragua
2676352480,,,,,Nicaragua
2677871575,,,,,Nicaragua
2677871576,,,,,Nicaragua
2681328947,,,,,Nicaragua
2681328999,,,,,Nicaragua
2685651035,,,,,Nicaragua
2685651042,,,,,Nicaragua
2685670653,,,,,Nicaragua
2685684307,,,,,Nicaragua
2685761587,,,,,Nicaragua
2685776991,,,,,Nicaragua
2686002936,,,,,Nicaragua
2686027345,,,,,Nicaragua
2686062504,,,,,Nicaragua
2690538198,,,,,Nicaragua
2690538200,,,,,Nicaragua
2690538269,,,,,Nicaragua
2690538274,,,,,Nicaragua
2690538275,,,,,Nicaragua
2699059583,,,,,Nicaragua
2701676337,,,,,Nicaragua
2705797360,,,,,Nicaragua
2705797377,,,,,Nicaragua
2705797380,,,,,Nicaragua
2705797381,,,,,Nicaragua
2705850990,,,,,Nicaragua
2705851023,,,,,Nicaragua
2706133710,,,,,Nicaragua
2706133711,,,,,Nicaragua
2706133712,,,,,Nicaragua
2706133714,,,,,Nicaragua
2706133717,,,,,Nicaragua
2707998374,,,,,Nicaragua
2708075038,,,,,Nicaragua
2708075040,,,,,Nicaragua
2708093506,,,,,Nicaragua
2709969277,,,,,Nicaragua
2709969278,,,,,Nicaragua
2709969279,,,,,Nicaragua
2712574246,,,,,Nicaragua
2713189974,,,,,Nicaragua
2713362595,,,,,Nicaragua
2714691184,,,,,Nicaragua
2714691338,,,,,Nicaragua
2714691447,,,,,Nicaragua
2714691562,,,,,Nicaragua
2714942010,,,,,Nicaragua
2714943510,,,,,Nicaragua
2715045509,,,,,Nicaragua
2717656080,,,,,Nicaragua
2718064062,,,,,Nicaragua
2718064075,,,,,Nicaragua
2718064089,,,,,Nicaragua
2718064098,,,,,Nicaragua
2718115819,,,,,Nicaragua
2719055827,,,,,Nicaragua
2719992477,,,,,Nicaragua
2719992564,,,,,Nicaragua
2722705342,,,,,Nicaragua
2730056254,,,,,Nicaragua
2732627308,,,,,Nicaragua
2734944460,,,,,Nicaragua
2735620658,,,,,Nicaragua
2735620667,,,,,Nicaragua
2735620672,,,,,Nicaragua
2735620676,,,,,Nicaragua
2735620677,,,,,Nicaragua
2735620678,,,,,Nicaragua
2735620703,,,,,Nicaragua
2735620704,,,,,Nicaragua
2735685697,,,,,Nicaragua
2740127185,,,,,Nicaragua
2740128190,,,,,Nicaragua
2740848449,,,,,Nicaragua
2740860125,,,,,Nicaragua
2746409306,,,,,Nicaragua
2746409745,,,,,Nicaragua
2746409809,,,,,Nicaragua
2746409888,,,,,Nicaragua
2746410192,,,,,Nicaragua
2746410917,,,,,Nicaragua
2748474240,,,,,Nicaragua
2748494363,,,,,Nicaragua
2748603044,,,,,Nicaragua
2757171686,,,,,Nicaragua
2759980136,,,,,Nicaragua
2759980137,,,,,Nicaragua
2766028668,,,,,Nicaragua
2766036949,,,,,Nicaragua
2766521717,,,,,Nicaragua
2766522091,,,,,Nicaragua
2766522114,,,,,Nicaragua
2766522220,,,,,Nicaragua
2778783141,,,,,Nicaragua
2778783142,,,,,Nicaragua
2778783151,,,,,Nicaragua
2782561488,,,,,Nicaragua
2782561497,,,,,Nicaragua
2782561517,,,,,Nicaragua
2782561523,,,,,Nicaragua
2782561525,,,,,Nicaragua
2782561554,,,,,Nicaragua
2782561715,,,,,Nicaragua
2782561718,,,,,Nicaragua
2782561721,,,,,Nicaragua
2782561880,,,,,Nicaragua
2782561886,,,,,Nicaragua
2782561891,,,,,Nicaragua
2782561896,,,,,Nicaragua
2782561907,,,,,Nicaragua
2782561950,,,,,Nicaragua
2782561953,,,,,Nicaragua
2782561956,,,,,Nicaragua
2782561962,,,,,Nicaragua
2782561965,,,,,Nicaragua
2782573948,,,,,Nicaragua
2782574038,,,,,Nicaragua
2785615846,,,,,Nicaragua
2805284513,,,,,Nicaragua
2819173246,,,,,Nicaragua
2819807020,,,,,Nicaragua
2823776881,,,,,Nicaragua
2848390557,,,,,Nicaragua
2863263841,"Villa 9 Junio Contiguo Iglesia Madre del Pilar Managua, Nicaragua",,,,Nicaragua
2865607775,,,,,Nicaragua
2865607780,,,,,Nicaragua
2865719161,,,,,Nicaragua
2880736959,,,,,Nicaragua
2880737103,,,,,Nicaragua
2880737105,,,,,Nicaragua
2880737106,,,,,Nicaragua
2880737107,,,,,Nicaragua
2880737115,,,,,Nicaragua
2880737118,,,,,Nicaragua
2880737123,,,,,Nicaragua
2880737124,,,,,Nicaragua
2880785681,,,,,Nicaragua
2889625580,,,,,Nicaragua
2889670779,,,,,Nicaragua
2889670780,,,,,Nicaragua
2892743252,,,,,Nicaragua
2896368612,,,,,Nicaragua
2896368613,,,,,Nicaragua
2906598871,,,,,Nicaragua
2911721926,"Comercial Reparto Serrano Transnica 1 1/2c al Lago, Managua",,,,Nicaragua
2911721961,,,,,Nicaragua
2913836444,,,,,Nicaragua
2913836447,,,,,Nicaragua
2913946013,,,,,Nicaragua
2914673358,,,,,Nicaragua
2914942070,,,,,Nicaragua
2921996039,,,,,Nicaragua
2925263482,,,,,Nicaragua
2925263485,,,,,Nicaragua
2926551328,,,,,Nicaragua
2926551381,,,,,Nicaragua
2928499355,,,,,Nicaragua
2930979017,,,,,Nicaragua
2930979052,,,,,Nicaragua
2932480064,,,,,Nicaragua
2932480065,,,,,Nicaragua
2937568491,,,,,Nicaragua
2939801712,,,,,Nicaragua
2946469847,,,,,Nicaragua
2948372892,,,,,Nicaragua
2948372902,,,,,Nicaragua
2950380215,,,,,Nicaragua
2953594483,,,,,Nicaragua
2998470560,,,,,Nicaragua
3006216747,,,,,Nicaragua
3017254429,,,,,Nicaragua
3021707898,,,,,Nicaragua
3022718353,,,,,Nicaragua
3054548665,,,,,Nicaragua
3062694630,,,,,Nicaragua
3062695813,,,,,Nicaragua
3077654268,,,,,Nicaragua
3077654419,,,,,Nicaragua
3077654565,,,,,Nicaragua
3088026651,,,,,Nicaragua
3090658701,,,,,Nicaragua
3104075308,,,,,Nicaragua
3107755051,,,,,Nicaragua
3107954276,,,,,Nicaragua
3107954277,,,,,Nicaragua
3108205492,,,,,Nicaragua
3108345097,,,,,Nicaragua
3108656894,,,,,Nicaragua
3110317350,,,,,Nicaragua
3110317351,,,,,Nicaragua
3119230670,,,,,Nicaragua
3132184343,,,,,Nicaragua
3132184344,,,,,Nicaragua
3132184375,,,,,Nicaragua
3139347652,,,,,Nicaragua
3143519190,,,,,Nicaragua
3143533449,,,,,Nicaragua
3143533451,,,,,Nicaragua
3143599378,,,,,Nicaragua
3146569351,,,,,Nicaragua
3150097322,,,,,Nicaragua
3150792074,,,,,Nicaragua
3157327771,,,,,Nicaragua
3157327778,,,,,Nicaragua
3157376896,,,,,Nicaragua
3157376898,,,,,Nicaragua
3157376900,,,,,Nicaragua
3158139223,,,,,Nicaragua
3158591098,,,,,Nicaragua
3163194734,,,,,Nicaragua
3163194737,,,,,Nicaragua
3163194738,,,,,Nicaragua
3163311697,,,,,Nicaragua
3163534948,,,,,Nicaragua
3163534949,,,,,Nicaragua
3163636016,,,,,Nicaragua
3163833059,,,,,Nicaragua
3163834766,,,,,Nicaragua
3163920079,,,,,Nicaragua
3163920083,,,,,Nicaragua
3163920084,,,,,Nicaragua
3163960365,,,,,Nicaragua
3165905820,,,,,Nicaragua
3171393261,,,,,Nicaragua
3175000579,,,,,Nicaragua
3175054899,,,,,Nicaragua
3188475498,,,,,Nicaragua
3211722013,,,,,Nicaragua
3211795279,,,,,Nicaragua
3215093177,,,,,Nicaragua
3216611225,,,,,Nicaragua
3216611226,,,,,Nicaragua
3216611236,,,,,Nicaragua
3216611238,,,,,Nicaragua
3216611239,,,,,Nicaragua
3216611245,,,,,Nicaragua
3216611249,,,,,Nicaragua
3216611251,,,,,Nicaragua
3216611252,,,,,Nicaragua
3216611254,,,,,Nicaragua
3216611255,,,,,Nicaragua
3216611257,,,,,Nicaragua
3216611258,,,,,Nicaragua
3216618790,,,,,Nicaragua
3216618792,,,,,Nicaragua
3216618793,,,,,Nicaragua
3216632566,,,,,Nicaragua
3216901018,,,Chichigalpa,,Nicaragua
3216902387,,,Chichigalpa,,Nicaragua
3216905896,,,Chichigalpa,,Nicaragua
3217862862,,,,,Nicaragua
3217862864,,,,,Nicaragua
3220608716,,,,,Nicaragua
3227474642,,,,,Nicaragua
3227474649,,,,,Nicaragua
3227474650,,,,,Nicaragua
3227474651,,,,,Nicaragua
3227474867,,,,,Nicaragua
3227474870,,,,,Nicaragua
3227474881,,,,,Nicaragua
3227474882,,,,,Nicaragua
3227474883,,,,,Nicaragua
3227474888,,,,,Nicaragua
3227474923,,,,,Nicaragua
3230468209,,,,,Nicaragua
3230468217,,,,,Nicaragua
3230617629,,,,,Nicaragua
3235441537,,,,,Nicaragua
3235461068,,,Chichigalpa,,Nicaragua
3235464761,,,Chichigalpa,,Nicaragua
3237278816,,,,,Nicaragua
3237278826,,,,,Nicaragua
3237278836,,,,,Nicaragua
3237278837,,,,,Nicaragua
3237278978,,,,,Nicaragua
3237278981,,,,,Nicaragua
3240370468,,,,,Nicaragua
3240370469,,,,,Nicaragua
3240370470,,,,,Nicaragua
3240370473,,,,,Nicaragua
3240370474,,,,,Nicaragua
3240370480,,,,,Nicaragua
3240370481,,,,,Nicaragua
3240370486,,,,,Nicaragua
3240370499,,,,,Nicaragua
3241824710,,,,,Nicaragua
3242087673,,,,,Nicaragua
3243192669,,,,,Nicaragua
3243922912,,,,,Nicaragua
3247277505,,,,,Nicaragua
3247277506,,,,,Nicaragua
3247277507,,,,,Nicaragua
3247277510,,,,,Nicaragua
3247277522,,,,,Nicaragua
3247277523,,,,,Nicaragua
3247754841,,,,,Nicaragua
3248184369,,,,,Nicaragua
3248184370,,,,,Nicaragua
3250355381,,,,,Nicaragua
3250355384,,,,,Nicaragua
3250355385,,,,,Nicaragua
3250355387,,,,,Nicaragua
3252810882,,,,,Nicaragua
3255740087,,,,,Nicaragua
3255740089,,,,,Nicaragua
3258767771,,,,,Nicaragua
3264411572,,,,,Nicaragua
3264411575,,,,,Nicaragua
3270896599,,,,,Nicaragua
3270896602,,,,,Nicaragua
3271334854,,,,,Nicaragua
3271334855,,,,,Nicaragua
3271334856,,,,,Nicaragua
3271334858,,,,,Nicaragua
3271335668,,,,,Nicaragua
3273415774,,,,,Nicaragua
3273415776,,,,,Nicaragua
3273534602,,,,,Nicaragua
3275463484,,,,,Nicaragua
3275463485,,,,,Nicaragua
3275463489,,,,,Nicaragua
3275463490,,,,,Nicaragua
3275463491,,,,,Nicaragua
3275463492,,,,,Nicaragua
3275463493,,,,,Nicaragua
3275463500,,,,,Nicaragua
3275463501,,,,,Nicaragua
3275463502,,,,,Nicaragua
3275463503,,,,,Nicaragua
3275463504,,,,,Nicaragua
3276147367,,,,,Nicaragua
3276154261,,,,,Nicaragua
3277763382,,,,,Nicaragua
3277763385,,,,,Nicaragua
3277763388,,,,,Nicaragua
3277763389,,,,,Nicaragua
3277763390,,,,,Nicaragua
3277763398,,,,,Nicaragua
3284826071,,,,,Nicaragua
3284826072,,,,,Nicaragua
3284826075,,,,,Nicaragua
3284826081,,,,,Nicaragua
3284826087,,,,,Nicaragua
3286646364,,,,,Nicaragua
3286646367,,,,,Nicaragua
3286898980,,,,,Nicaragua
3286898992,,,,,Nicaragua
3299544128,,,,,Nicaragua
3299544139,,,,,Nicaragua
3301308667,,,,,Nicaragua
3301308668,,,,,Nicaragua
3301308669,,,,,Nicaragua
3301308671,,,,,Nicaragua
3301308684,,,,,Nicaragua
3303587370,,,,,Nicaragua
3303588569,,,,,Nicaragua
3303588607,,,,,Nicaragua
3303589008,,,,,Nicaragua
3303589263,,,,,Nicaragua
3303589366,,,,,Nicaragua
3306673903,,,,,Nicaragua
3306721224,,,,,Nicaragua
3306721226,,,,,Nicaragua
3306788916,,,,,Nicaragua
3315704714,,,,,Nicaragua
3315704717,,,,,Nicaragua
3315704718,,,,,Nicaragua
3320044544,,,,,Nicaragua
3320044546,,,,,Nicaragua
3320044551,,,,,Nicaragua
3323910262,,,,,Nicaragua
3323910267,,,,,Nicaragua
3323910271,,,,,Nicaragua
3331198262,,,,,Nicaragua
3331198263,,,,,Nicaragua
3333023394,,,,,Nicaragua
3333023395,,,,,Nicaragua
3333023397,,,,,Nicaragua
3375155985,,,,,Nicaragua
3379727484,,,,,Nicaragua
3383759643,,,,,Nicaragua
3383759644,,,,,Nicaragua
3383759670,,,,,Nicaragua
3384472106,,,,,Nicaragua
3386751279,,,,,Nicaragua
3386751371,,,,,Nicaragua
3386753311,,,,,Nicaragua
3386783489,,,,,Nicaragua
3392106693,,,,,Nicaragua
3392456676,,,,,Nicaragua
3392460677,,,,,Nicaragua
3392460679,,,,,Nicaragua
3392460744,,,,,Nicaragua
3396941133,,,,,Nicaragua
3404447764,,,,,Nicaragua
3404615659,,,,,Nicaragua
3404615660,,,,,Nicaragua
3404620322,,,,,Nicaragua
3406568020,,,,,Nicaragua
3406568021,,,,,Nicaragua
3406568022,,,,,Nicaragua
3407296307,,,,,Nicaragua
3407300250,,,,,Nicaragua
3407318333,,,,,Nicaragua
3407761359,,,,,Nicaragua
3407761360,,,,,Nicaragua
3407767674,,,,,Nicaragua
3407767675,,,,,Nicaragua
3407767676,,,,,Nicaragua
3407767677,,,,,Nicaragua
3407767679,,,,,Nicaragua
3407767680,,,,,Nicaragua
3408012145,,,,,Nicaragua
3409612312,,,,,Nicaragua
3409620803,,,,,Nicaragua
3409630470,,,,,Nicaragua
3409660266,,,,,Nicaragua
3411037257,,,,,Nicaragua
3411148056,,,,,Nicaragua
3411168799,,,,,Nicaragua
3413713854,,,,,Nicaragua
3413713861,,,,,Nicaragua
3413714205,,,,,Nicaragua
3413714206,,,,,Nicaragua
3413714219,,,,,Nicaragua
3413714231,,,,,Nicaragua
3413714271,,,,,Nicaragua
3413716655,,,,,Nicaragua
3413716656,,,,,Nicaragua
3413716657,,,,,Nicaragua
3413716659,,,,,Nicaragua
3413716660,,,,,Nicaragua
3413716661,,,,,Nicaragua
3413716662,,,,,Nicaragua
3413716663,,,,,Nicaragua
3413716664,,,,,Nicaragua
3413716665,,,,,Nicaragua
3413716666,,,,,Nicaragua
3416237482,,,,,Nicaragua
3416238547,,,,,Nicaragua
3416251895,,,,,Nicaragua
3423825608,,,,,Nicaragua
3439500094,,,,,Nicaragua
3439500123,,,,,Nicaragua
3447461224,,,,,Nicaragua
3450419014,,,,,Nicaragua
3450419015,,,,,Nicaragua
3450421446,,,,,Nicaragua
3450421447,,,,,Nicaragua
3451339123,,,,,Nicaragua
3454308687,,,,,Nicaragua
3460570840,,,,,Nicaragua
3460570841,,,,,Nicaragua
3463488602,,,,,Nicaragua
3487543308,,,,,Nicaragua
3491805109,,,,,Nicaragua
3493272757,,,,,Nicaragua
3493273267,,,,,Nicaragua
3493344093,,,,,Nicaragua
3493888886,,,,,Nicaragua
3500273568,,,,,Nicaragua
3500277901,,,,,Nicaragua
3503501880,,,,,Nicaragua
3505735918,,,,,Nicaragua
3505766527,,,,,Nicaragua
3507806124,,,,,Nicaragua
3511456493,,,,,Nicaragua
3512709786,,,,,Nicaragua
3512717728,,,,,Nicaragua
3512893319,,,,,Nicaragua
3512893370,,,,,Nicaragua
3512894921,,,,,Nicaragua
3520121007,,,,,Nicaragua
3527225215,,,,,Nicaragua
3527225224,,,,,Nicaragua
3527246653,,,,,Nicaragua
3545957524,,,,,Nicaragua
3545957528,,,,,Nicaragua
3551762296,,,,,Nicaragua
3554623114,,,,,Nicaragua
3560006293,,,,,Nicaragua
3562260740,,,,,Nicaragua
3586342031,,,,,Nicaragua
3597251173,"Km. 136 Carretera San Juan del Sur, Nicaragua",,,,Nicaragua
3601424780,,,,,Nicaragua
3607741359,,,,,Nicaragua
3618112116,,,,,Nicaragua
3618114800,,,,,Nicaragua
3620536952,,,,,Nicaragua
3625373976,,,,,Nicaragua
3625373977,,,,,Nicaragua
3674149626,,,,,Nicaragua
3674149727,,,,,Nicaragua
3674149729,,,,,Nicaragua
3681496680,,,,,Nicaragua
3681496681,,,,,Nicaragua
3681496683,,,,,Nicaragua
3681496691,,,,,Nicaragua
3683174425,,,,,Nicaragua
3689828614,,,,,Nicaragua
3696143873,,,,,Nicaragua
3696259369,,,,,Nicaragua
3696259372,,,,,Nicaragua
3700505219,,,,,Nicaragua
3700506875,,,,,Nicaragua
3700507175,,,,,Nicaragua
3700514260,,,,,Nicaragua
3704028841,,,,,Nicaragua
3704149053,,,,,Nicaragua
3704149056,,,,,Nicaragua
3705435736,,,,,Nicaragua
3705436588,,,,,Nicaragua
3705551217,,,,,Nicaragua
3705551218,,,,,Nicaragua
3705551220,,,,,Nicaragua
3707305082,,,,,Nicaragua
3707323719,,,,,Nicaragua
3708560717,,,,,Nicaragua
3708562568,,,,,Nicaragua
3708718232,,,,,Nicaragua
3708718233,,,,,Nicaragua
3709915423,,,,,Nicaragua
3709915551,,,,,Nicaragua
3725622875,,,,,Nicaragua
3725622876,,,,,Nicaragua
3735486665,,,,,Nicaragua
3735486666,,,,,Nicaragua
3735486668,,,,,Nicaragua
3735486703,,,,,Nicaragua
3738814414,,,,,Nicaragua
3753624372,,,,,Nicaragua
3754783797,,,,,Nicaragua
3755235925,,,,,Nicaragua
3758365973,,,,,Nicaragua
3762096605,,,,,Nicaragua
3762103972,,,,,Nicaragua
3762116764,,,,,Nicaragua
3762116969,,,,,Nicaragua
3762133343,,,,,Nicaragua
3766664749,,,,,Nicaragua
3766679911,,,,,Nicaragua
3780195085,,,,,Nicaragua
3788167799,,,,,Nicaragua
3790900477,,,,,Nicaragua
3791764375,,,,,Nicaragua
3791764376,,,,,Nicaragua
3825642545,,,,,Nicaragua
3858912957,,,,,Nicaragua
3861633993,,,,,Nicaragua
3870060170,,,,,Nicaragua
3870060173,,,,,Nicaragua
3870060177,,,,,Nicaragua
3870060182,,,,,Nicaragua
3870181535,,,,,Nicaragua
3870181536,,,,,Nicaragua
3873747632,,,,,Nicaragua
3873926352,,,,,Nicaragua
3876761694,,,,,Nicaragua
3876761695,,,,,Nicaragua
3876973814,,,,,Nicaragua
3877517046,,,,,Nicaragua
3881416957,,,Bluefields,,Nicaragua
3883808127,,,,,Nicaragua
3883811512,,,,,Nicaragua
3883811513,,,,,Nicaragua
3883826245,,,,,Nicaragua
3883826357,,,,,Nicaragua
3883826358,,,,,Nicaragua
3884004272,,,,,Nicaragua
3884004357,,,,,Nicaragua
3888086355,,,,,Nicaragua
3888086356,,,,,Nicaragua
3892046963,,,Managua,,Nicaragua
3893651341,,,Managua,,Nicaragua
3893707418,,,Managua,,Nicaragua
3893752603,,,,,Nicaragua
3893756801,,,Managua,,Nicaragua
3893757260,,,Managua,,Nicaragua
3894000893,,,,,Nicaragua
3895839131,,,,,Nicaragua
3897053470,,,,,Nicaragua
3897074137,,,Managua,,Nicaragua
3897335653,,,Managua,,Nicaragua
3897395502,,,Managua,,Nicaragua
3897396068,,,Managua,,Nicaragua
3899243900,,,,,Nicaragua
3899261048,,,,,Nicaragua
3900836794,,,,,Nicaragua
3911858524,,,,,Nicaragua
3911914257,,,,,Nicaragua
3911958943,,,,,Nicaragua
3912861925,,,,,Nicaragua
3912874710,,,,,Nicaragua
3913374540,,,,,Nicaragua
3913503019,,,,,Nicaragua
3913509120,,,,,Nicaragua
3913530290,,,,,Nicaragua
3913553971,,,,,Nicaragua
3913870557,,,,,Nicaragua
3921138442,,,,,Nicaragua
3931659198,,,,,Nicaragua
3931662212,,,,,Nicaragua
3931668002,,,,,Nicaragua
3942842013,,,,,Nicaragua
3945275658,,,,,Nicaragua
3946563359,,,,,Nicaragua
3946901766,,,,,Nicaragua
3948653107,,,,,Nicaragua
3949436136,,,,,Nicaragua
3951341896,,,,,Nicaragua
3951356088,,,,,Nicaragua
3951356089,,,,,Nicaragua
3951356090,,,,,Nicaragua
3951356091,,,,,Nicaragua
3951356092,,,,,Nicaragua
3951356093,,,,,Nicaragua
3951381415,,,,,Nicaragua
3951381416,,,,,Nicaragua
3951381417,,,,,Nicaragua
3951381418,,,,,Nicaragua
3951381419,,,,,Nicaragua
3951381420,,,,,Nicaragua
3951381421,,,,,Nicaragua
3951381422,,,,,Nicaragua
3951381423,,,,,Nicaragua
3951381424,,,,,Nicaragua
3951390326,,,,,Nicaragua
3951402549,,,,,Nicaragua
3951402550,,,,,Nicaragua
3951402551,,,,,Nicaragua
3951402552,,,,,Nicaragua
3951403402,,,,,Nicaragua
3951409706,,,,,Nicaragua
3951409707,,,,,Nicaragua
3951409708,,,,,Nicaragua
3951409709,,,,,Nicaragua
3951420285,,,,,Nicaragua
3954122457,,,,,Nicaragua
3954122458,,,,,Nicaragua
3958180161,,,,,Nicaragua
3967039697,,,,,Nicaragua
